Sheet Name,Summary,Published (Pacific Time),Link
National Weather Service,#ERROR!,Sun Jul 28 2024 09:24:00 GMT-0700 (Pacific Daylight Time),https://api.weather.gov/alerts/urn:oid:2.49.0.1.840.0.e9fd8b56ca2214ffc6866894fa1396a444a6b6e0.001.1.cap
National Weather Service,#ERROR!,Sun Jul 28 2024 09:24:00 GMT-0700 (Pacific Daylight Time),https://api.weather.gov/alerts/urn:oid:2.49.0.1.840.0.e9fd8b56ca2214ffc6866894fa1396a444a6b6e0.002.1.cap
National Weather Service,#ERROR!,Sun Jul 28 2024 09:08:00 GMT-0700 (Pacific Daylight Time),https://api.weather.gov/alerts/urn:oid:2.49.0.1.840.0.e4256a4b88b23b0a596e99a41a41309f43b6e37b.002.1.cap
National Weather Service,#ERROR!,Sun Jul 28 2024 09:08:00 GMT-0700 (Pacific Daylight Time),https://api.weather.gov/alerts/urn:oid:2.49.0.1.840.0.e4256a4b88b23b0a596e99a41a41309f43b6e37b.001.1.cap
National Weather Service,#ERROR!,Sun Jul 28 2024 09:08:00 GMT-0700 (Pacific Daylight Time),https://api.weather.gov/alerts/urn:oid:2.49.0.1.840.0.e4256a4b88b23b0a596e99a41a41309f43b6e37b.003.1.cap
National Weather Service,#ERROR!,Sun Jul 28 2024 09:08:00 GMT-0700 (Pacific Daylight Time),https://api.weather.gov/alerts/urn:oid:2.49.0.1.840.0.e4256a4b88b23b0a596e99a41a41309f43b6e37b.004.1.cap
National Weather Service,#ERROR!,Sun Jul 28 2024 09:07:00 GMT-0700 (Pacific Daylight Time),https://api.weather.gov/alerts/urn:oid:2.49.0.1.840.0.f2b1a73bde20fc72021110de11466495e9483fac.001.1.cap
National Weather Service,#ERROR!,Sun Jul 28 2024 09:07:00 GMT-0700 (Pacific Daylight Time),https://api.weather.gov/alerts/urn:oid:2.49.0.1.840.0.f2b1a73bde20fc72021110de11466495e9483fac.003.1.cap
National Weather Service,#ERROR!,Sun Jul 28 2024 09:07:00 GMT-0700 (Pacific Daylight Time),https://api.weather.gov/alerts/urn:oid:2.49.0.1.840.0.f2b1a73bde20fc72021110de11466495e9483fac.005.1.cap
National Weather Service,#ERROR!,Sun Jul 28 2024 09:07:00 GMT-0700 (Pacific Daylight Time),https://api.weather.gov/alerts/urn:oid:2.49.0.1.840.0.f2b1a73bde20fc72021110de11466495e9483fac.002.1.cap
National Weather Service,#ERROR!,Sun Jul 28 2024 09:07:00 GMT-0700 (Pacific Daylight Time),https://api.weather.gov/alerts/urn:oid:2.49.0.1.840.0.f2b1a73bde20fc72021110de11466495e9483fac.004.1.cap
National Weather Service,#ERROR!,Sun Jul 28 2024 09:07:00 GMT-0700 (Pacific Daylight Time),https://api.weather.gov/alerts/urn:oid:2.49.0.1.840.0.f2b1a73bde20fc72021110de11466495e9483fac.006.1.cap
National Weather Service,#ERROR!,Sun Jul 28 2024 09:07:00 GMT-0700 (Pacific Daylight Time),https://api.weather.gov/alerts/urn:oid:2.49.0.1.840.0.f2b1a73bde20fc72021110de11466495e9483fac.007.1.cap
National Weather Service,#ERROR!,Sun Jul 28 2024 09:07:00 GMT-0700 (Pacific Daylight Time),https://api.weather.gov/alerts/urn:oid:2.49.0.1.840.0.f2b1a73bde20fc72021110de11466495e9483fac.008.1.cap
National Weather Service,FFWOHX

The National Weather Service in Nashville has issued a

* Flash Flood Warning for...
Macon County in middle Tennessee...
Central Trousdale County in middle Tennessee...

* Until 100 PM CDT.

* At 1057 AM CDT, Doppler radar indicated thunderstorms producing
heavy rain across the warned area. Between 1 and 3 inches of rain
have fallen. Flash flooding is ongoing or expected to begin
shortly.

HAZARD...Flash flooding caused by thunderstorms.

SOURCE...Radar.

IMPACT...Flash flooding of small creeks and streams, urban
areas, highways, streets and underpasses as well as
other poor drainage and low-lying areas.

* Some locations that will experience flash flooding include...
Lafayette, Hartsville and Red Boiling Springs.,Sun Jul 28 2024 08:57:00 GMT-0700 (Pacific Daylight Time),https://api.weather.gov/alerts/urn:oid:2.49.0.1.840.0.bcd1a57e01bf9002b0b46226ca1a672e3b70e63b.001.1.cap
National Weather Service,...The Flood Warning is extended for the following rivers in Texas...

Neches River Near Diboll affecting Houston, Angelina, Tyler,
Trinity and Polk Counties.

For the Neches River...including Lake Palestine, Neches, Alto,
Diboll, Rockland...Minor flooding is forecast.

* WHAT...Minor flooding is occurring and minor flooding is forecast.

* WHERE...Neches River near Diboll.

* WHEN...Until early Friday morning.

* IMPACTS...At 14.0 feet, Minor lowland flooding of boat ramps,
paths, and trails.  Move livestock and equipment to higher ground.

* ADDITIONAL DETAILS...
- At 10:15 AM CDT Sunday the stage was 14.1 feet.
- Bankfull stage is 12.0 feet.
- Recent Activity...The maximum river stage in the 24 hours
ending at 10:15 AM CDT Sunday was 14.4 feet.
- Forecast...The river is expected to fall below flood stage
Thursday morning and continue falling to 11.2 feet Friday
morning.
- Flood stage is 12.0 feet.
- http://www.weather.gov/safety/flood,Sun Jul 28 2024 08:56:00 GMT-0700 (Pacific Daylight Time),https://api.weather.gov/alerts/urn:oid:2.49.0.1.840.0.5649460d3cf16ba88e4d06d5fc6c18b532662cfc.001.1.cap
National Weather Service,...The Flood Warning continues for the following rivers in Texas...

Angelina River Near Lufkin affecting Nacogdoches, Cherokee and
Angelina Counties.

For the Angelina River...including Alto, Lufkin...Minor flooding is
forecast.

* WHAT...Minor flooding is occurring and minor flooding is forecast.

* WHERE...Angelina River near Lufkin.

* WHEN...Until further notice.

* IMPACTS...At 162.0 feet, Minor lowland to diminish and end on the
lower Angelina River.

* ADDITIONAL DETAILS...
- At 10:30 AM CDT Sunday the stage was 162.2 feet.
- Bankfull stage is 158.5 feet.
- Recent Activity...The maximum river stage in the 24 hours
ending at 10:30 AM CDT Sunday was 162.8 feet.
- Forecast...The river is expected to fall to 161.6 feet Friday
morning.
- Flood stage is 161.0 feet.
- http://www.weather.gov/safety/flood,Sun Jul 28 2024 08:56:00 GMT-0700 (Pacific Daylight Time),https://api.weather.gov/alerts/urn:oid:2.49.0.1.840.0.aaab5f81309ed8744cddc510583a52357974d381.001.1.cap
National Weather Service,...The Flood Warning is extended for the following rivers in Texas...

Attoyac Bayou Near Chireno affecting Nacogdoches, San Augustine,
Rusk and Shelby Counties.

For the Attoyac Bayou...including Chireno...Minor flooding is
forecast.

* WHAT...Minor flooding is occurring and minor flooding is forecast.

* WHERE...Attoyac Bayou near Chireno.

* WHEN...Until Tuesday afternoon.

* IMPACTS...At 16.0 feet, Expect flooded paths and secondary
roadways.  Move livestock and equipment to higher ground.

* ADDITIONAL DETAILS...
- At 10:30 AM CDT Sunday the stage was 17.1 feet.
- Bankfull stage is 14.0 feet.
- Recent Activity...The maximum river stage in the 24 hours
ending at 10:30 AM CDT Sunday was 17.4 feet.
- Forecast...The river is expected to fall below flood stage
late tomorrow evening and continue falling to 8.5 feet Friday
morning.
- Flood stage is 14.0 feet.
- http://www.weather.gov/safety/flood,Sun Jul 28 2024 08:53:00 GMT-0700 (Pacific Daylight Time),https://api.weather.gov/alerts/urn:oid:2.49.0.1.840.0.5a7c0ff7468044be3672c89a3c4094e21407cb1a.001.1.cap
National Weather Service,...The Flood Warning is extended for the following rivers in
Arkansas...Louisiana...

Bayou Dorcheat Near Springhill affecting Columbia and Webster
Parishes.

For the Bayou Dorcheat...including Springhill, Dixie Inn, Lake
Bistineau...Minor flooding is forecast.

* WHAT...Minor flooding is occurring and minor flooding is forecast.

* WHERE...Bayou Dorcheat near Springhill.

* WHEN...Until Wednesday evening.

* IMPACTS...At 13.0 feet, Minor lowland flooding of private boat
ramps. Move livestock to higher ground.

* ADDITIONAL DETAILS...
- At 10:00 AM CDT Sunday the stage was 12.4 feet.
- Bankfull stage is 11.0 feet.
- Recent Activity...The maximum river stage in the 24 hours
ending at 10:00 AM CDT Sunday was 12.4 feet.
- Forecast...The river is expected to rise to a crest of 12.4
feet this afternoon. It will then fall below flood stage
early Wednesday morning.
- Flood stage is 11.0 feet.
- http://www.weather.gov/safety/flood,Sun Jul 28 2024 08:52:00 GMT-0700 (Pacific Daylight Time),https://api.weather.gov/alerts/urn:oid:2.49.0.1.840.0.c76a1c477f426f3ffea074b43b1670f2354fbd48.001.1.cap
National Weather Service,...The Flood Warning is extended for the following rivers in Texas...

Neches River At Rockland affecting Tyler, Jasper, Polk and
Angelina Counties.

For the Neches River...including Lake Palestine, Neches, Alto,
Diboll, Rockland...Minor flooding is forecast.

* WHAT...Minor flooding is occurring and minor flooding is forecast.

* WHERE...Neches River at Rockland.

* WHEN...Until late tomorrow evening.

* IMPACTS...At 28.0 feet, Water will begin to flood several
secondary roadways especially in the Fox Landing community.

* ADDITIONAL DETAILS...
- At 10:00 AM CDT Sunday the stage was 27.5 feet.
- Forecast...The river is expected to fall below flood stage
late tonight and continue falling to 15.2 feet Friday
morning.
- Flood stage is 26.0 feet.
- http://www.weather.gov/safety/flood,Sun Jul 28 2024 08:50:00 GMT-0700 (Pacific Daylight Time),https://api.weather.gov/alerts/urn:oid:2.49.0.1.840.0.afacab5c5ca9b1bbb05ecda6955db58ce9d2abe2.001.1.cap
National Weather Service,...The National Weather Service in Wilmington NC has issued a Flood
Warning for the following rivers in North Carolina...

Lumber River Near Lumberton affecting Robeson County.

* WHAT...Minor flooding is forecast.

* WHERE...Lumber River near Lumberton.

* WHEN...From Monday morning to Thursday morning.

* IMPACTS...At 13.0 feet, Low land flooding will occur along the
river. The flood waters may affect some residential property as
water backs up into the drainage ditches in the city.

* ADDITIONAL DETAILS...
- At 10:05 AM EDT Sunday the stage was 12.8 feet.
- Forecast...The river is expected to rise to a crest of 13.0
feet tomorrow morning. It will then fall below flood stage
Wednesday evening.
- Flood stage is 13.0 feet.
- http://www.weather.gov/safety/flood,Sun Jul 28 2024 07:17:00 GMT-0700 (Pacific Daylight Time),https://api.weather.gov/alerts/urn:oid:2.49.0.1.840.0.64ff33ab64ca459f9c3eaf45607e64766d03f00e.001.1.cap
National Weather Service,#ERROR!,Sun Jul 28 2024 07:01:00 GMT-0700 (Pacific Daylight Time),https://api.weather.gov/alerts/urn:oid:2.49.0.1.840.0.143dcee44c8432fbdcb17b441d18f71e5d47ac56.001.1.cap
National Weather Service,#ERROR!,Sun Jul 28 2024 06:54:00 GMT-0700 (Pacific Daylight Time),https://api.weather.gov/alerts/urn:oid:2.49.0.1.840.0.e71beef4001a5880f0bca08e3047d2c5fbe6d6d7.001.1.cap
National Weather Service,#ERROR!,Sun Jul 28 2024 06:53:00 GMT-0700 (Pacific Daylight Time),https://api.weather.gov/alerts/urn:oid:2.49.0.1.840.0.fd23d7ccce6804ed7cbdcb1e6073cbe24f64c752.001.1.cap
National Weather Service,#ERROR!,Sun Jul 28 2024 06:51:00 GMT-0700 (Pacific Daylight Time),https://api.weather.gov/alerts/urn:oid:2.49.0.1.840.0.55d09fec248730f6c660b72ed81a4e4545c335ca.001.1.cap
National Weather Service,#ERROR!,Sun Jul 28 2024 06:49:00 GMT-0700 (Pacific Daylight Time),https://api.weather.gov/alerts/urn:oid:2.49.0.1.840.0.1fe74f7bc7acf27d929a6780f23f7c2a1b8a9075.001.1.cap
National Weather Service,...The Flood Warning continues for the following rivers in Texas...

Menard Creek near Rye affecting Liberty, Polk and Hardin Counties.

East Fork San Jacinto near New Caney affecting Liberty,
Montgomery and Harris Counties.

Trinity River near Moss Bluff affecting Chambers and Liberty
Counties.

Trinity River at Liberty affecting Liberty County.

...The Flood Warning is extended for the following rivers in Texas...

San Bernard River near Boling affecting Brazoria, Wharton and
Fort Bend Counties.

Tres Palacios River near Midfield affecting Matagorda and Wharton
Counties.

For the Trinity River...including Liberty, Moss Bluff...Moderate
flooding is forecast.
For the Menard Creek...including Rye...Minor flooding is forecast.
For the East Fork San Jacinto River...including New Caney...Moderate
flooding is forecast.
For the San Bernard River...including Sweeny, Boling...Moderate
flooding is forecast.

* WHAT...Minor flooding is occurring and minor flooding is forecast.

* WHERE...Menard Creek near Rye.

* WHEN...Until early tomorrow afternoon.

* IMPACTS...At 20.0 feet, Minor lowland flooding begins as water
escapes the main channel in the vicinity of the gage.

* ADDITIONAL DETAILS...
- At 7:15 AM CDT Sunday the stage was 22.5 feet.
- Bankfull stage is 17.0 feet.
- Recent Activity...The maximum river stage in the 24 hours
ending at 7:15 AM CDT Sunday was 23.2 feet.
- Forecast...The river is expected to fall below flood stage
just after midnight tonight and continue falling to 11.0 feet
Friday morning.
- Flood stage is 20.0 feet.
- Flood History...This crest compares to a previous crest of
22.5 feet on 04/19/1973.
- http://www.weather.gov/safety/flood,Sun Jul 28 2024 06:15:00 GMT-0700 (Pacific Daylight Time),https://api.weather.gov/alerts/urn:oid:2.49.0.1.840.0.2b248dbb3ec97b3efbf03624bb78cf71222e6207.001.1.cap
National Weather Service,...The Flood Warning continues for the following rivers in Texas...

Menard Creek near Rye affecting Liberty, Polk and Hardin Counties.

East Fork San Jacinto near New Caney affecting Liberty,
Montgomery and Harris Counties.

Trinity River near Moss Bluff affecting Chambers and Liberty
Counties.

Trinity River at Liberty affecting Liberty County.

...The Flood Warning is extended for the following rivers in Texas...

San Bernard River near Boling affecting Brazoria, Wharton and
Fort Bend Counties.

Tres Palacios River near Midfield affecting Matagorda and Wharton
Counties.

For the Trinity River...including Liberty, Moss Bluff...Moderate
flooding is forecast.
For the Menard Creek...including Rye...Minor flooding is forecast.
For the East Fork San Jacinto River...including New Caney...Moderate
flooding is forecast.
For the San Bernard River...including Sweeny, Boling...Moderate
flooding is forecast.

* WHAT...Minor flooding is occurring and minor flooding is forecast.

* WHERE...San Bernard River near Boling.

* WHEN...Until tomorrow evening.

* IMPACTS...At 18.0 feet, Minor lowland flooding begins upstream
from gage. Minor backwater flooding up Peach Creek in Wharton
County threatens low lying areas.

* ADDITIONAL DETAILS...
- At 6:15 AM CDT Sunday the stage was 19.7 feet.
- Bankfull stage is 14.0 feet.
- Recent Activity...The maximum river stage in the 24 hours
ending at 6:15 AM CDT Sunday was 19.7 feet.
- Forecast...The river is expected to fall below flood stage
tomorrow morning and continue falling to 10.3 feet Friday
morning.
- Flood stage is 18.0 feet.
- Flood History...This crest compares to a previous crest of
19.7 feet on 03/06/2017.
- http://www.weather.gov/safety/flood,Sun Jul 28 2024 06:15:00 GMT-0700 (Pacific Daylight Time),https://api.weather.gov/alerts/urn:oid:2.49.0.1.840.0.2b248dbb3ec97b3efbf03624bb78cf71222e6207.002.1.cap
National Weather Service,...The Flood Warning continues for the following rivers in Texas...

Menard Creek near Rye affecting Liberty, Polk and Hardin Counties.

East Fork San Jacinto near New Caney affecting Liberty,
Montgomery and Harris Counties.

Trinity River near Moss Bluff affecting Chambers and Liberty
Counties.

Trinity River at Liberty affecting Liberty County.

...The Flood Warning is extended for the following rivers in Texas...

San Bernard River near Boling affecting Brazoria, Wharton and
Fort Bend Counties.

Tres Palacios River near Midfield affecting Matagorda and Wharton
Counties.

For the Trinity River...including Liberty, Moss Bluff...Moderate
flooding is forecast.
For the Menard Creek...including Rye...Minor flooding is forecast.
For the East Fork San Jacinto River...including New Caney...Moderate
flooding is forecast.
For the San Bernard River...including Sweeny, Boling...Moderate
flooding is forecast.

* WHAT...Moderate flooding is occurring and moderate flooding is
forecast.

* WHERE...Tres Palacios River near Midfield.

* WHEN...Until late Tuesday morning.

* IMPACTS...At 26.0 feet, Moderate lowland flooding begins with
water well into the flood plain on the right upstream bank and
within inches of spilling over the east approach to the bridge at
FM 456.  The river will be almost one quarter mile wide in the
vicinity of the gage.
At 28.0 feet, Water is over the road on FM 1468 near Clemville, FM
2431 east of Midfield, and FM 2853 southeast of Blessing all in
Matagorda County with homes in the subdivisions of El Dorado
Country upstream and Oak Grove and Tres Palacios Oaks downstream
threatened.

* ADDITIONAL DETAILS...
- At 7:30 AM CDT Sunday the stage was 27.3 feet.
- Bankfull stage is 15.0 feet.
- Recent Activity...The maximum river stage in the 24 hours
ending at 7:30 AM CDT Sunday was 27.5 feet.
- Forecast...The river is expected to rise to a crest of 27.5
feet this afternoon. It will then fall below flood stage late
tomorrow evening.
- Flood stage is 24.0 feet.
- Flood History...This crest compares to a previous crest of
27.5 feet on 09/21/1983.
- http://www.weather.gov/safety/flood,Sun Jul 28 2024 06:15:00 GMT-0700 (Pacific Daylight Time),https://api.weather.gov/alerts/urn:oid:2.49.0.1.840.0.2b248dbb3ec97b3efbf03624bb78cf71222e6207.003.1.cap
National Weather Service,...Forecast flooding changed from Minor to Moderate severity and
increased in duration for the following rivers in Texas...

San Bernard River near Sweeny affecting Brazoria County.

For the San Bernard River...including Sweeny, Boling...Moderate
flooding is forecast.

* WHAT...Minor flooding is occurring and moderate flooding is
forecast.

* WHERE...San Bernard River near Sweeny.

* WHEN...Until early Tuesday afternoon.

* IMPACTS...At 10.0 feet, Water begins spilling into the left
floodplain. Water is over the mid level walkway at the Phillips
Terminal near Sweeny.
At 11.0 feet, Lazy G RV Park becomes threatened.

* ADDITIONAL DETAILS...
- At 8:00 AM CDT Sunday the stage was 10.0 feet.
- Bankfull stage is 5.0 feet.
- Recent Activity...The maximum river stage in the 24 hours
ending at 8:00 AM CDT Sunday was 10.5 feet.
- Forecast...The river is expected to rise to a crest of 11.8
feet this evening. It will then fall below flood stage early
Tuesday morning.
- Flood stage is 7.0 feet.
- Flood History...This crest compares to a previous crest of
10.7 feet on 12/09/2018.
- http://www.weather.gov/safety/flood,Sun Jul 28 2024 06:15:00 GMT-0700 (Pacific Daylight Time),https://api.weather.gov/alerts/urn:oid:2.49.0.1.840.0.81dea3ae8adb8a2328174818cf59c84497f578fd.001.1.cap
National Weather Service,...The Flood Warning continues for the following rivers in Texas...

Menard Creek near Rye affecting Liberty, Polk and Hardin Counties.

East Fork San Jacinto near New Caney affecting Liberty,
Montgomery and Harris Counties.

Trinity River near Moss Bluff affecting Chambers and Liberty
Counties.

Trinity River at Liberty affecting Liberty County.

...The Flood Warning is extended for the following rivers in Texas...

San Bernard River near Boling affecting Brazoria, Wharton and
Fort Bend Counties.

Tres Palacios River near Midfield affecting Matagorda and Wharton
Counties.

For the Trinity River...including Liberty, Moss Bluff...Moderate
flooding is forecast.
For the Menard Creek...including Rye...Minor flooding is forecast.
For the East Fork San Jacinto River...including New Caney...Moderate
flooding is forecast.
For the San Bernard River...including Sweeny, Boling...Moderate
flooding is forecast.

* WHAT...Minor flooding is occurring and moderate flooding is
forecast.

* WHERE...East Fork San Jacinto near New Caney.

* WHEN...Until early Thursday morning.

* IMPACTS...At 62.0 feet, Moderate lowland flooding begins with
secondary roads near the river inundated, including FM 1485 west
of the river.

* ADDITIONAL DETAILS...
- At 8:00 AM CDT Sunday the stage was 61.7 feet.
- Bankfull stage is 54.5 feet.
- Recent Activity...The maximum river stage in the 24 hours
ending at 8:00 AM CDT Sunday was 64.8 feet.
- Forecast...The river is expected to rise to a crest of 63.0
feet just after midnight tonight. It will then fall below
flood stage early Wednesday afternoon.
- Flood stage is 58.0 feet.
- Flood History...This crest compares to a previous crest of
63.1 feet on 06/12/1987.
- http://www.weather.gov/safety/flood,Sun Jul 28 2024 06:15:00 GMT-0700 (Pacific Daylight Time),https://api.weather.gov/alerts/urn:oid:2.49.0.1.840.0.2b248dbb3ec97b3efbf03624bb78cf71222e6207.004.1.cap
National Weather Service,...The Flood Warning continues for the following rivers in Texas...

Menard Creek near Rye affecting Liberty, Polk and Hardin Counties.

East Fork San Jacinto near New Caney affecting Liberty,
Montgomery and Harris Counties.

Trinity River near Moss Bluff affecting Chambers and Liberty
Counties.

Trinity River at Liberty affecting Liberty County.

...The Flood Warning is extended for the following rivers in Texas...

San Bernard River near Boling affecting Brazoria, Wharton and
Fort Bend Counties.

Tres Palacios River near Midfield affecting Matagorda and Wharton
Counties.

For the Trinity River...including Liberty, Moss Bluff...Moderate
flooding is forecast.
For the Menard Creek...including Rye...Minor flooding is forecast.
For the East Fork San Jacinto River...including New Caney...Moderate
flooding is forecast.
For the San Bernard River...including Sweeny, Boling...Moderate
flooding is forecast.

* WHAT...Minor flooding is occurring and moderate flooding is
forecast.

* WHERE...Trinity River at Liberty.

* WHEN...Until further notice.

* IMPACTS...At 27.0 feet, Moderate lowland flooding begins as roads
into several outlying communities above Liberty are closed with
residents in 5 or 6 subdivisions cut off if not evacuated.

* ADDITIONAL DETAILS...
- At 7:15 AM CDT Sunday the stage was 27.0 feet.
- Bankfull stage is 21.0 feet.
- Recent Activity...The maximum river stage in the 24 hours
ending at 7:15 AM CDT Sunday was 27.0 feet.
- Forecast...The river is expected to rise to a crest of 27.5
feet tomorrow morning.
- Flood stage is 26.0 feet.
- Flood History...This crest compares to a previous crest of
27.5 feet on 05/17/2004.
- http://www.weather.gov/safety/flood,Sun Jul 28 2024 06:15:00 GMT-0700 (Pacific Daylight Time),https://api.weather.gov/alerts/urn:oid:2.49.0.1.840.0.2b248dbb3ec97b3efbf03624bb78cf71222e6207.006.1.cap
National Weather Service,...The Flood Warning continues for the following rivers in Texas...

Menard Creek near Rye affecting Liberty, Polk and Hardin Counties.

East Fork San Jacinto near New Caney affecting Liberty,
Montgomery and Harris Counties.

Trinity River near Moss Bluff affecting Chambers and Liberty
Counties.

Trinity River at Liberty affecting Liberty County.

...The Flood Warning is extended for the following rivers in Texas...

San Bernard River near Boling affecting Brazoria, Wharton and
Fort Bend Counties.

Tres Palacios River near Midfield affecting Matagorda and Wharton
Counties.

For the Trinity River...including Liberty, Moss Bluff...Moderate
flooding is forecast.
For the Menard Creek...including Rye...Minor flooding is forecast.
For the East Fork San Jacinto River...including New Caney...Moderate
flooding is forecast.
For the San Bernard River...including Sweeny, Boling...Moderate
flooding is forecast.

* WHAT...Minor flooding is occurring and minor flooding is forecast.

* WHERE...Trinity River near Moss Bluff.

* WHEN...Until further notice.

* IMPACTS...At 12.2 feet, Minor lowland flooding begins in the
vicinity of the gage.

* ADDITIONAL DETAILS...
- At 7:30 AM CDT Sunday the stage was 12.6 feet.
- Bankfull stage is 9.2 feet.
- Recent Activity...The maximum river stage in the 24 hours
ending at 7:30 AM CDT Sunday was 12.6 feet.
- Forecast...The river is expected to rise to a crest of 14.0
feet early Tuesday afternoon.
- Flood stage is 12.2 feet.
- Flood History...This crest compares to a previous crest of
14.0 feet on 02/13/2005.
- http://www.weather.gov/safety/flood,Sun Jul 28 2024 06:15:00 GMT-0700 (Pacific Daylight Time),https://api.weather.gov/alerts/urn:oid:2.49.0.1.840.0.2b248dbb3ec97b3efbf03624bb78cf71222e6207.005.1.cap
National Weather Service,...The National Weather Service in Houston/Galveston TX has issued a
Flood Warning for the following rivers in Texas...

Cypress Creek Near Sharp Road affecting Fort Bend and Harris
Counties.

For the Cypress Creek...including Sharp Road...Minor flooding is
forecast.

* WHAT...Minor flooding is occurring and minor flooding is forecast.

* WHERE...Cypress Creek near Sharp Road.

* WHEN...From this morning to this evening.

* ADDITIONAL DETAILS...
- At 7:35 AM CDT Sunday the stage was 164.3 feet.
- Bankfull stage is 164.2 feet.
- Recent Activity...The maximum river stage in the 24 hours
ending at 7:35 AM CDT Sunday was 164.3 feet.
- Forecast...The river is expected to rise to 165.0 feet this
morning. Additional rises are possible thereafter.
- Flood stage is 164.2 feet.
- Flood History...This crest compares to a previous crest of
164.9 feet on 06/09/2001.
- http://www.weather.gov/safety/flood,Sun Jul 28 2024 05:45:00 GMT-0700 (Pacific Daylight Time),https://api.weather.gov/alerts/urn:oid:2.49.0.1.840.0.14073629ec0acd97bfc7023ea7fc7c2767868275.001.1.cap
National Weather Service,..Red Flag Warnings in Effect for Zones 420, 421, 423, 425, 427,
428 and 429 from Noon to 8pm MDT Sunday...

* WIND...West to southwest winds at 20 to 30 mph with gusts to
35 mph.

* HUMIDITY...12 to 15 percent

* HAINES...5 to 6.

* THUNDERSTORMS...There is potential for isolated thunderstorms,
some of which may produce gusty and erratic surface winds with
sudden wind gusts in excess of 50 MPH possible.

* IMPACTS...Any fires that develop will likely spread rapidly.
Outdoor burning is not recommended.,Sun Jul 28 2024 02:34:00 GMT-0700 (Pacific Daylight Time),https://api.weather.gov/alerts/urn:oid:2.49.0.1.840.0.8724b4d7077eb135daab34a4c715d23e4c289c43.002.1.cap
National Weather Service,* AFFECTED AREA...In Colorado, Fire Weather Zone 203 Lower
Colorado River and Fire Weather Zone 205 Colorado River
Headwaters below 7000 feet.

* WINDS...Southwest 10 to 15 mph with gusts up to 30 mph.

* RELATIVE HUMIDITY...6 to 11 percent.

* IMPACTS...Conditions may become favorable for the easy
ignition and rapid spread of fires due to low relative
humidity and strong gusty winds.,Sun Jul 28 2024 02:24:00 GMT-0700 (Pacific Daylight Time),https://api.weather.gov/alerts/urn:oid:2.49.0.1.840.0.4e99060219e0fcc29970539cb6fd16be7d1c2252.003.1.cap
National Weather Service,* AFFECTED AREA...In Colorado, Fire Weather Zone 290 Paradox
Valley Forecast Area, Fire Weather Zone 292 North Fork
Forecast Area and Fire Weather Zone 293 Gunnison Basin
Forecast Area. In Utah, Fire Weather Zone 486 Eastern Uinta
Basin, Fire Weather Zone 487 Book Cliffs and Fire Weather Zone
490 Colorado River Basin.

* WINDS...Southwest 10 to 20 mph with gusts up to 30 mph.

* RELATIVE HUMIDITY...7 to 12 percent.

* IMPACTS...Conditions may become favorable for the easy
ignition and rapid spread of fires due to low relative
humidity and strong gusty winds.,Sun Jul 28 2024 02:24:00 GMT-0700 (Pacific Daylight Time),https://api.weather.gov/alerts/urn:oid:2.49.0.1.840.0.4e99060219e0fcc29970539cb6fd16be7d1c2252.002.1.cap
National Weather Service,...FIRE WEATHER WATCH IN EFFECT FROM MONDAY AFTERNOON THROUGH
MONDAY EVENING FOR GUSTY WINDS, LOW RELATIVE HUMIDITY AND DRY
FUELS FOR FIRE WEATHER ZONES 200 AND 202...

The National Weather Service in Grand Junction has issued a Fire
Weather Watch for gusty winds, low relative humidity and dry
fuels, which is in effect from Monday afternoon through Monday
evening.

* AFFECTED AREA...In Colorado, Fire Weather Zone 200 Little
Snake Forecast Area and Fire Weather Zone 202 White River
Forecast Area.

* WINDS...Southwest 10 to 20 mph with gusts up to 30 mph.

* RELATIVE HUMIDITY...6 to 11 percent.

* IMPACTS...Conditions may become favorable for the easy
ignition and rapid spread of fires due to low relative
humidity and strong gusty winds.,Sun Jul 28 2024 02:24:00 GMT-0700 (Pacific Daylight Time),https://api.weather.gov/alerts/urn:oid:2.49.0.1.840.0.4e99060219e0fcc29970539cb6fd16be7d1c2252.001.2.cap
National Weather Service,* WHAT...Dangerously hot conditions with heat index values of 104 to
114 possible.

* WHERE...Portions of central, east central, north central, and
northeast Kansas.

* WHEN...From Monday afternoon through Thursday evening. Hottest
conditions expected Tuesday and Wednesday afternoons.

* IMPACTS...Heat related illnesses increase significantly during
extreme heat and high humidity events.,Sun Jul 28 2024 02:20:00 GMT-0700 (Pacific Daylight Time),https://api.weather.gov/alerts/urn:oid:2.49.0.1.840.0.8943a25614c4bb53d822129375e80c410807cc2a.001.1.cap
National Weather Service,* IMPACTS: Low humidities and gusty winds could cause erratic fire
behavior.

* AFFECTED AREA:
In Central WY...Fire Weather Zone 289.

* COUNTIES AFFECTED:
In Central WY...Fremont...Natrona.
In Southwest WY...Sweetwater.

* WIND: West 15 to 25 mph with gusts up to 35 mph.

* HUMIDITY: As low as 13 percent.,Sun Jul 28 2024 02:10:00 GMT-0700 (Pacific Daylight Time),https://api.weather.gov/alerts/urn:oid:2.49.0.1.840.0.02df6b44ba1aaa6427ccab1804dbb0a3b2ee5640.001.1.cap
National Weather Service,* WHAT...Dangerously hot conditions with heat index values up to 108
possible.

* WHERE...Jewell, Mitchell, Osborne, and Smith Counties.

* WHEN...From Monday afternoon through Thursday evening.

* IMPACTS...Heat related illnesses increase significantly during
extreme heat and high humidity events.,Sun Jul 28 2024 02:04:00 GMT-0700 (Pacific Daylight Time),https://api.weather.gov/alerts/urn:oid:2.49.0.1.840.0.3eeb5b6dab8f6483ff8ed0fe0889e75c1ff669e4.001.1.cap
National Weather Service,* AFFECTED AREA...Fire Weather Zone 482 Western Uintah Basin,
Fire Weather Zone 483 Southern Ashley National Forest, Fire
Weather Zone 484 Tavaputs Plateau, Fire Weather Zone 488 Manti
National Forest, Fire Weather Zone 489 San Rafael Swell, Fire
Weather Zone 494 Henry Mountains and Fire Weather Zone 497
Mojave Desert.

* WINDS...Southwest 10 to 15 mph with gusts up to 35 mph.

* RELATIVE HUMIDITY...As low as 5 to 10 percent.

* IMPACTS...Critical fire weather conditions are expected. Any
new fire starts or existing fires may spread rapidly.,Sun Jul 28 2024 01:31:00 GMT-0700 (Pacific Daylight Time),https://api.weather.gov/alerts/urn:oid:2.49.0.1.840.0.6eb8fcde8905696b8ae1e40120fd77ea0ab7ccb9.001.1.cap
National Weather Service,* AFFECTED AREA...Fire Weather Zone 492 Central Utah West
Desert, Fire Weather Zone 493 Central Utah Mountains, Fire
Weather Zone 495 Color Country West Desert, Fire Weather Zone
496 Color Country Mountains and Fire Weather Zone 498 Grand
Staircase.

* WINDS...Southwest 10 to 20 mph with gusts up to 30 mph.

* RELATIVE HUMIDITY...As low as 5 to 10 percent.

* IMPACTS...Critical fire weather conditions are expected. Any
new fire starts or existing fires may spread rapidly.,Sun Jul 28 2024 01:31:00 GMT-0700 (Pacific Daylight Time),https://api.weather.gov/alerts/urn:oid:2.49.0.1.840.0.6eb8fcde8905696b8ae1e40120fd77ea0ab7ccb9.002.1.cap
National Weather Service,* WHAT...Dangerously hot conditions with heat index values up to 112
expected.

* WHERE...Jefferson MO, Saint Charles MO, Saint Louis City MO, and
Saint Louis MO Counties.

* WHEN...From 1 PM Monday to 7 PM CDT Thursday.

* IMPACTS...Heat related illnesses increase significantly during
extreme heat and high humidity events.,Sun Jul 28 2024 01:27:00 GMT-0700 (Pacific Daylight Time),https://api.weather.gov/alerts/urn:oid:2.49.0.1.840.0.8f694df13b3f87290856aad3a8da036d73f1c2f7.001.1.cap
National Weather Service,* WHAT...Dangerously hot conditions with heat index values up to 112
expected.

* WHERE...Madison IL, Monroe IL, and Saint Clair IL Counties.

* WHEN...From 1 PM Tuesday to 7 PM CDT Thursday.

* IMPACTS...Heat related illnesses increase significantly during
extreme heat and high humidity events.,Sun Jul 28 2024 01:27:00 GMT-0700 (Pacific Daylight Time),https://api.weather.gov/alerts/urn:oid:2.49.0.1.840.0.8f694df13b3f87290856aad3a8da036d73f1c2f7.002.1.cap
National Weather Service,* WHAT...Dangerously hot conditions with heat index values up to 105
on Monday with heat index values up to 114 possible on Tuesday and
Wednesday, then heat index values up to 105 possible on Thursday.

* WHERE...Portions of east central and northeast Kansas and central,
north central, northeast, northwest, and west central Missouri.

* WHEN...From Monday afternoon through Thursday evening.

* IMPACTS...Heat related illnesses increase significantly during
extreme heat and high humidity events.,Sun Jul 28 2024 01:11:00 GMT-0700 (Pacific Daylight Time),https://api.weather.gov/alerts/urn:oid:2.49.0.1.840.0.caa47725a2b8e1716dc285ac10cb852135248aa3.001.1.cap
National Weather Service,* WHAT...Dangerously hot conditions with heat index values up to 111
possible.

* WHERE...Portions of Central, South Central, and Southeast Kansas.

* WHEN...From Monday afternoon through Thursday evening.

* IMPACTS...Heat related illnesses increase significantly during
extreme heat and high humidity events.,Sun Jul 28 2024 01:09:00 GMT-0700 (Pacific Daylight Time),https://api.weather.gov/alerts/urn:oid:2.49.0.1.840.0.19d1fbf98e0271aa8820a8c5880bd6cd7315e4db.001.1.cap
National Weather Service,* WHAT...Dangerously hot conditions with heat index values up to 110
possible.

* WHERE...Barber, Pratt, and Stafford Counties.

* WHEN...From Monday afternoon through Thursday evening.

* IMPACTS...Heat related illnesses increase significantly during
extreme heat and high humidity events.,Sun Jul 28 2024 00:41:00 GMT-0700 (Pacific Daylight Time),https://api.weather.gov/alerts/urn:oid:2.49.0.1.840.0.69a54dbb096eb873812f0204d0a37edc7d17d9f3.001.1.cap
National Weather Service,...The Flood Warning continues for the following rivers in
Illinois...Wisconsin...

Rock River At Afton affecting Rock and Winnebago Counties.

* WHAT...Minor flooding is occurring and minor flooding is forecast.

* WHERE...Rock River at Afton.

* WHEN...Until early tomorrow afternoon.

* IMPACTS...At 9.1 feet, Floodwaters affect property of a home on
South Christian Road on the east side of the river in the Afton
area.  There is minor erosional flood damage to lowland and
agricultural land in the Afton and Janesville areas.

* ADDITIONAL DETAILS...
- At 9:00 AM CDT Saturday the stage was 9.0 feet.
- Bankfull stage is 8.0 feet.
- Recent Activity...The maximum river stage in the 24 hours
ending at 9:00 AM CDT Saturday was 9.2 feet.
- Forecast...The river is expected to rise to a crest of 9.1
feet this afternoon. It will then fall below flood stage
tomorrow morning.
- Flood stage is 9.0 feet.
- http://www.weather.gov/safety/flood,Sat Jul 27 2024 07:53:00 GMT-0700 (Pacific Daylight Time),https://api.weather.gov/alerts/urn:oid:2.49.0.1.840.0.dbc3dda42f15925895833b78bb1c420d576b033f.001.1.cap